section, name
"See our top 3D Modeling Experts","Zee Agency"
"See our top 3D Modeling Experts","Sayduck"
"See our top 3D Modeling Experts","CGTrader"
"See our top Setup Experts","Janzen Designs"
"See our top Setup Experts","Trailblaze Media"
"See our top Setup Experts","Ember Webs"
"See our top Setup Experts","Diffactory"
"See our top Setup Experts","Tracy Sailors"
"See our top Setup Experts","Rehash"
"See our top Setup Experts","Mark Sunders"
"See our top Setup Experts","OK Visual"
"See our top Setup Experts","Webinopoly.com"
"See our top Setup Experts","Rialto Partners"
"See our top Setup Experts","Now Now, LLC"
"See our top Setup Experts","Snap Designs"
"See our top Designers","Janzen Designs"
"See our top Designers","Trailblaze Media"
"See our top Designers","Ember Webs"
"See our top Designers","Tracy Sailors"
"See our top Designers","Rehash"
"See our top Designers","OK Visual"
"See our top Designers","Webinopoly.com"
"See our top Designers","Now Now, LLC"
"See our top Designers","Element 11"
"See our top Designers","Arctic Grey, Ltd."
"See our top Designers","Pivofy Ecommerce Solutions"
"See our top Designers","BOLD"
"See our top Developers","Tracy Sailors"
"See our top Developers","Rehash"
"See our top Developers","Webinopoly.com"
"See our top Developers","Element 11"
"See our top Developers","Carson eCommerce"
"See our top Developers","BOLD"
"See our top Developers","Pasilobus, Inc"
"See our top Developers","SpurIT"
"See our top Developers","The Hauser Design Group"
"See our top Developers","NINE15"
"See our top Developers","Gowebbaby"
"See our top Developers","Alo Agency"
"See our top Marketers","Trailblaze Media"
"See our top Marketers","Diffactory"
"See our top Marketers","Webinopoly.com"
"See our top Marketers","Rialto Partners"
"See our top Marketers","Now Now, LLC"
"See our top Marketers","Element 11"
"See our top Marketers","Arctic Grey, Ltd."
"See our top Marketers","BOLD"
"See our top Marketers","Pasilobus, Inc"
"See our top Marketers","The Hauser Design Group"
"See our top Marketers","NINE15"
"See our top Marketers","Strut Design"
"See our top Photographers","Janzen Designs"
"See our top Photographers","Rehash"
"See our top Photographers","OK Visual"
"See our top Photographers","Rialto Partners"
"See our top Photographers","Arctic Grey, Ltd."
"See our top Photographers","The Hauser Design Group"
"See our top Photographers","White Unicorn Agency"
"See our top Photographers","Electric Eye"
"See our top Photographers","Battalion Commerce"
"See our top Photographers","the Loft"
"See our top Photographers","Above Market"
"See our top Photographers","Switch Creative"
